Epoch,BLEU,METEOR,validation_loss
1,27.3406,0.526,1.8075999021530151
2,27.3592,0.5245,1.799404263496399
3,26.9999,0.5257,1.867013692855835
4,26.1331,0.5189,1.9452002048492432
5,25.923,0.5145,2.00881028175354
