Epoch,BLEU,rouge1,rouge2,rougeL,rougeLsum,validation_loss
1,28.7938,0.5523,0.3281,0.5447,0.5448,1.5938607454299927
2,29.3648,0.5612,0.3371,0.5532,0.5533,1.5418663024902344
3,29.3054,0.557,0.3365,0.5493,0.5495,1.5345708131790161
4,29.5375,0.5595,0.3386,0.5511,0.5515,1.5410068035125732
5,29.6555,0.559,0.3408,0.5505,0.5511,1.5497477054595947
