Epoch,BLEU,METEOR,validation_loss
1,25.7045,0.5156,1.91679048538208
2,25.6988,0.5098,1.9522719383239746
3,25.1044,0.5069,2.091963291168213
