Epoch,BLEU,METEOR,validation_loss
1,29.5033,0.5476,1.5900832414627075
2,29.8766,0.5464,1.5434921979904175
3,30.6268,0.5476,1.5395480394363403
4,30.0503,0.5461,1.5512083768844604
5,30.0702,0.5455,1.5672495365142822
